{
	"info": {
		"_postman_id": "f6b69a68-85f4-4367-89c5-fa78287ad5f9",
		"name": "fast-dummy-collection",
		"schema": "https://schema.getpostman.com/json/collection/v2.1.0/collection.json",
		"_exporter_id": "7787400"
	},
	"item": [
		{
			"name": "Products",
			"item": [
				{
					"name": "Get all products",
					"request": {
						"method": "GET",
						"header": [],
						"url": {
							"raw": "{{host}}/products",
							"host": [
								"{{host}}"
							],
							"path": [
								"products"
							]
						}
					},
					"response": []
				},
				{
					"name": "Get a single product",
					"request": {
						"method": "GET",
						"header": [],
						"url": {
							"raw": "{{host}}/products/1",
							"host": [
								"{{host}}"
							],
							"path": [
								"products",
								"1"
							]
						}
					},
					"response": []
				},
				{
					"name": "Search products",
					"request": {
						"method": "GET",
						"header": [],
						"url": {
							"raw": "{{host}}/products/search?q=phone",
							"host": [
								"{{host}}"
							],
							"path": [
								"products",
								"search"
							],
							"query": [
								{
									"key": "q",
									"value": "phone"
								}
							]
						}
					},
					"response": []
				},
				{
					"name": "Limit and skip products",
					"request": {
						"method": "GET",
						"header": [],
						"url": {
							"raw": "{{host}}/products?limit=10&skip=10&select=title,price",
							"host": [
								"{{host}}"
							],
							"path": [
								"products"
							],
							"query": [
								{
									"key": "limit",
									"value": "10"
								},
								{
									"key": "skip",
									"value": "10"
								},
								{
									"key": "select",
									"value": "title,price"
								}
							]
						}
					},
					"response": []
				},
				{
					"name": "Limit and skip products Copy",
					"request": {
						"method": "GET",
						"header": [],
						"url": {
							"raw": "{{host}}/products?limit=10&skip=10&select=title,price",
							"host": [
								"{{host}}"
							],
							"path": [
								"products"
							],
							"query": [
								{
									"key": "limit",
									"value": "10"
								},
								{
									"key": "skip",
									"value": "10"
								},
								{
									"key": "select",
									"value": "title,price"
								}
							]
						}
					},
					"response": []
				},
				{
					"name": "Add a product",
					"request": {
						"method": "PUT",
						"header": [],
						"body": {
							"mode": "raw",
							"raw": "{\n  \"title\": \"iPhone Galaxy +1\"\n}",
							"options": {
								"raw": {
									"language": "json"
								}
							}
						},
						"url": {
							"raw": "{{host}}/products/1",
							"host": [
								"{{host}}"
							],
							"path": [
								"products",
								"1"
							]
						}
					},
					"response": []
				},
				{
					"name": "Update a product",
					"request": {
						"method": "POST",
						"header": [],
						"body": {
							"mode": "raw",
							"raw": "{\n  \"title\": \"BMW Pencil\"\n}",
							"options": {
								"raw": {
									"language": "json"
								}
							}
						},
						"url": {
							"raw": "{{host}}/products/add",
							"host": [
								"{{host}}"
							],
							"path": [
								"products",
								"add"
							]
						}
					},
					"response": []
				},
				{
					"name": "Delete a product",
					"request": {
						"method": "DELETE",
						"header": [],
						"body": {
							"mode": "raw",
							"raw": "{\n  \"title\": \"BMW Pencil\"\n}",
							"options": {
								"raw": {
									"language": "json"
								}
							}
						},
						"url": {
							"raw": "{{host}}/products/1",
							"host": [
								"{{host}}"
							],
							"path": [
								"products",
								"1"
							]
						}
					},
					"response": []
				}
			]
		},
		{
			"name": "Auth",
			"item": [
				{
					"name": "Auth",
					"request": {
						"method": "POST",
						"header": [],
						"body": {
							"mode": "raw",
							"raw": "{\n  \"title\": \"BMW Pencil\"\n}",
							"options": {
								"raw": {
									"language": "json"
								}
							}
						},
						"url": {
							"raw": "{{host}}/products/add",
							"host": [
								"{{host}}"
							],
							"path": [
								"products",
								"add"
							]
						}
					},
					"response": []
				}
			]
		},
		{
			"name": "New Request",
			"request": {
				"method": "GET",
				"header": []
			},
			"response": []
		}
	]
}